main_class,middle_class,sub_class,arma3_class,real_world,land_ok,sea_ok,usable_in_python,radius_2d,type,train_test,remark
Plane,Cargo,C-130J,rhs_c130j,T,T,F,T,27.38,classes_western.csv,train,
Plane,Cargo,An-2,cup_o_an2_tk,T,T,F,T,12.57,classes_eastern.csv,train,
Plane,Cargo,An-12,cwr3_o_an12,T,T,F,T,27.24,classes_eastern.csv,train,
Helicopter,CH,puma,cup_b_sa330_puma_hc1_baf,T,T,F,T,11.96,classes_western.csv,train,
RADAR,RADAR,9S36,pook_9s36_root,T,T,F,T,10.31,classes_eastern.csv,train,
RADAR,RADAR,AN/MPQ-50,pook_anmpq50_root_opfor,T,T,F,T,9.93,classes_eastern.csv,train,
RADAR,RADAR,Nebo-UE,pook_nebo_ue_brown,T,T,F,T,119.96,classes_eastern.csv,train,
Boat,Boat,Boat,c_boat_civil_01_f,T,F,T,T,4.63,classes_common.csv,train,
Boat,Boat,Boat,c_boat_civil_01_police_f,T,F,T,T,4.63,classes_common.csv,train,
Boat,Boat,Boat,c_boat_civil_01_rescue_f,T,F,T,T,4.63,classes_common.csv,train,
Boat,Boat,Boat,rhsgref_civ_canoe,T,F,T,T,3.68,classes_common.csv,train,
Boat,Boat,Boat,c_rubberboat,T,F,T,T,3.44,classes_common.csv,train,
Boat,Boat,Boat,c_boat_transport_02_f,T,F,T,T,5,classes_common.csv,train,
Boat,Boat,Boat,c_scooter_transport_01_f,T,F,T,T,3.01,classes_common.csv,train,
Armored,APC,BTR-60,rhsgref_tla_btr60,T,T,T,T,5.02,classes_eastern.csv,train,
Armored,APC,MT-LB,cup_o_mtlb_pk_tk_militia,T,T,T,T,5.12,classes_eastern.csv,train,
Armored,IFV,ZSU-23,cup_o_zsu23_tk,T,T,F,T,5.52,classes_eastern.csv,train,
Armored,IFV,BMP-1,cup_o_bmp1_tka,T,T,T,T,5.03,classes_eastern.csv,train,
Armored,IFV,BMP-2,cup_o_bmp2_tka,T,T,T,T,5.33,classes_eastern.csv,train,
Armored,IFV,BMP-2,cup_o_bmp2_zu_tka,T,T,T,T,5.1,classes_eastern.csv,train,
Support,ASV,BRDM-2,cup_o_brdm2_tka,T,T,T,T,4.2,classes_eastern.csv,train,
Support,ASV,BRDM-2,cup_o_brdm2_atgm_tka,T,T,T,T,4.2,classes_eastern.csv,train,
Support,ASV,BRDM-2,cup_o_brdm2_hq_tka,T,T,T,T,4.2,classes_eastern.csv,train,
Support,ASV,BTR-40,cup_o_btr40_tka,T,T,F,T,3.5,classes_eastern.csv,train,
Armored,APC,BTR-60,cup_o_btr60_tk,T,T,T,T,5.5,classes_eastern.csv,train,
Armored,APC,BTR-80,cup_o_btr80_tk,T,T,T,T,5.62,classes_eastern.csv,train,
Armored,APC,BTR-80,cup_o_btr80a_tk,T,T,T,T,5.62,classes_eastern.csv,train,
Armored,APC,MT-LB,cup_o_mtlb_pk_tka,T,T,T,T,5.12,classes_eastern.csv,train,
Armored,IFV,BMP-2,cwr3_o_bmp2_zu23,T,T,T,T,5.1,classes_eastern.csv,train,
Armored,APC,MT-LB,cwr3_o_mtlb_sa13,T,T,T,T,5.12,classes_eastern.csv,train,
Armored,IFV,ZSU-23,cwr3_o_zsu,T,T,F,T,5.52,classes_eastern.csv,train,
Armored,IFV,BMP-1,cwr3_o_bmp1,T,T,T,T,5.03,classes_eastern.csv,train,
Armored,IFV,BMP-2,cwr3_o_bmp2,T,T,T,T,5.33,classes_eastern.csv,train,
Armored,IFV,BMP-2,cwr3_o_bmp2_hq,T,T,T,T,6.46,classes_eastern.csv,train,
Armored,IFV,BMP-2,cwr3_o_bmp2_mev,T,T,T,T,5.13,classes_eastern.csv,train,
Support,ASV,BRDM-2,cwr3_o_brdm2,T,T,T,T,4.2,classes_eastern.csv,train,
Support,ASV,BRDM-2,cwr3_o_brdm2_atgm,T,T,T,T,4.2,classes_eastern.csv,train,
Support,ASV,BRDM-2,cwr3_o_brdm2um,T,T,T,T,4.2,classes_eastern.csv,train,
Armored,APC,BTR-60,cwr3_o_btr60,T,T,T,T,5.5,classes_eastern.csv,train,
Armored,APC,BTR-80,cwr3_o_btr80,T,T,T,T,5.62,classes_eastern.csv,train,
Armored,APC,MT-LB,cwr3_o_mtlb_pk,T,T,T,T,5.12,classes_eastern.csv,train,
Armored,APC,MT-LB,cwr3_o_mtlb_mev,T,T,T,T,5.12,classes_eastern.csv,train,
Armored,APC,MT-LB,cwr3_o_mtlb_repair,T,T,T,T,5.12,classes_eastern.csv,train,
Armored,IFV,PT-76,cwr3_o_pt76b,T,T,T,T,5.28,classes_eastern.csv,train,
Armored,IFV,BMD-1,rhs_bmd1,T,T,T,T,4.4,classes_eastern.csv,train,
Armored,IFV,BMD-1,rhs_bmd1k,T,T,T,T,4.4,classes_eastern.csv,train,
Armored,IFV,BMD-1,rhs_bmd1p,T,T,T,T,4.4,classes_eastern.csv,train,
Armored,IFV,BMD-1,rhs_bmd1pk,T,T,T,T,4.4,classes_eastern.csv,train,
Armored,IFV,BMD-1,rhs_bmd1r,T,T,T,T,4.4,classes_eastern.csv,train,
Armored,IFV,BMD-2,rhs_bmd2,T,T,T,T,4.4,classes_eastern.csv,train,
Armored,IFV,BMD-2,rhs_bmd2k,T,T,T,T,4.4,classes_eastern.csv,train,
Armored,IFV,BMD-2,rhs_bmd2m,T,T,T,T,4.4,classes_eastern.csv,train,
Armored,IFV,BMD-4,rhs_bmd4_vdv,T,T,T,T,5.52,classes_eastern.csv,train,
Armored,IFV,BMD-4,rhs_bmd4m_vdv,T,T,T,T,5.52,classes_eastern.csv,train,
Armored,IFV,BMD-4,rhs_bmd4ma_vdv,T,T,T,T,5.52,classes_eastern.csv,train,
Armored,IFV,T-15,rhs_t15_tv,T,T,F,T,6.6,classes_eastern.csv,train,
Armored,IFV,BMP-3,rhs_bmp3_msv,T,T,T,T,6.09,classes_eastern.csv,train,
Armored,APC,SKOT-2A,gm_pl_army_ot64a,T,T,T,T,5.28,classes_eastern.csv,train,
Armored,IFV,2S6,cup_o_2s6_ru,T,T,F,T,5.68,classes_eastern.csv,train,
Helicopter,AH,Mi-24,cup_o_mi24_d_dynamic_tk,T,T,F,T,13.76,classes_eastern.csv,train,
Helicopter,CH,Mi-6,cup_o_mi6a_tka,T,T,F,T,28.84,classes_eastern.csv,train,
Helicopter,UH,Mi-8,cup_o_mi17_tk,T,T,F,T,17.93,classes_eastern.csv,train,
Helicopter,AH,Mi-24,cwr3_o_mi24d,T,T,F,T,13.76,classes_eastern.csv,train,
Helicopter,AH,Mi-24,cwr3_o_mi24p,T,T,F,T,13.76,classes_eastern.csv,train,
Helicopter,CH,Mi-6,cwr3_o_mi6a,T,T,F,T,28.84,classes_eastern.csv,train,
Helicopter,UH,Mi-8,cwr3_o_mi8_amt,T,T,F,T,17.93,classes_eastern.csv,train,
Helicopter,UH,Mi-8,cwr3_o_mi8_mev,T,T,F,T,17.4,classes_eastern.csv,train,
Helicopter,UH,Mi-8,cwr3_o_mi8_mtv3,T,T,F,T,17.93,classes_eastern.csv,train,
Helicopter,AH,Ka-50,cup_o_ka50_dl_sla,T,T,F,T,11.36,classes_eastern.csv,train,
Helicopter,UH,Mi-8,rhssaf_airforce_o_ht40,T,T,F,T,17.97,classes_eastern.csv,train,
Helicopter,UH,Mi-8,rhssaf_airforce_o_ht48,T,T,F,T,17.93,classes_eastern.csv,train,
Helicopter,AH,Ka-52,rhs_ka52_vvs,T,T,F,T,11.44,classes_eastern.csv,train,
Helicopter,AH,Mi-24,rhs_mi24p_vvs,T,T,F,T,13.31,classes_eastern.csv,train,
Helicopter,AH,Mi-28N,rhs_mi28n_vvs,T,T,F,T,13.9,classes_eastern.csv,train,
Helicopter,UH,Mi-8,rhs_mi8amt_vvs,T,T,F,T,17.93,classes_eastern.csv,train,
Helicopter,UH,Mi-8,rhs_mi8amtsh_vvs,T,T,F,T,17.93,classes_eastern.csv,train,
Helicopter,UH,Mi-8,rhs_mi8mt_vvs,T,T,F,T,17.93,classes_eastern.csv,train,
Helicopter,AH,Ka-52,rhs_ka52_vvsc,T,T,F,T,11.44,classes_eastern.csv,train,
Helicopter,AH,Mi-24,rhs_mi24p_vvsc,T,T,F,T,13.31,classes_eastern.csv,train,
Helicopter,AH,Mi-28N,rhs_mi28n_vvsc,T,T,F,T,13.9,classes_eastern.csv,train,
Helicopter,UH,Mi-8,rhs_mi8amt_vvsc,T,T,F,T,17.93,classes_eastern.csv,train,
Helicopter,UH,Mi-8,rhs_mi8amtsh_vvsc,T,T,F,T,17.93,classes_eastern.csv,train,
Helicopter,UH,Mi-8,rhs_mi8mt_vvsc,T,T,F,T,17.93,classes_eastern.csv,train,
Helicopter,UH,Mi-8,rhs_mi8mt_vv,T,T,F,T,17.93,classes_eastern.csv,train,
Helicopter,OH,Mi-2,gm_gc_bgs_mi2p,T,T,F,T,13.43,classes_eastern.csv,train,
Artillery,Artillery,D-30,cup_o_d30_tk_ins,T,T,F,T,5,classes_eastern.csv,train,
MLRS,MLRS,BM-21,cup_o_bm21_tka,T,T,F,T,5.01,classes_eastern.csv,train,
Tank,Tank,T-34,cup_o_t34_tka,T,T,F,T,6.06,classes_eastern.csv,train,
Tank,Tank,T-55,cup_o_t55_tk,T,T,F,T,6.55,classes_eastern.csv,train,
Tank,Tank,T-72,cup_o_t72_tka,T,T,F,T,6.46,classes_eastern.csv,train,
MLRS,MLRS,BM-21,cwr3_o_bm21,T,T,F,T,5.01,classes_eastern.csv,train,
TEL,TEL,SCUD,cwr3_o_scud,T,T,F,T,6.87,classes_eastern.csv,train,
Tank,Tank,T-55,cwr3_o_t55,T,T,F,T,6.55,classes_eastern.csv,train,
Tank,Tank,T-55,cwr3_o_t55a,T,T,F,T,6.55,classes_eastern.csv,train,
Tank,Tank,T-55,cwr3_o_t55amv,T,T,F,T,6.55,classes_eastern.csv,train,
Tank,Tank,T-64,cwr3_o_t64b,T,T,F,T,6.46,classes_eastern.csv,train,
Tank,Tank,T-64,cwr3_o_t64bv,T,T,F,T,6.46,classes_eastern.csv,train,
Tank,Tank,T-72,cwr3_o_t72a,T,T,F,T,6.46,classes_eastern.csv,train,
Tank,Tank,T-72,cwr3_o_t72b1,T,T,F,T,6.46,classes_eastern.csv,train,
LCU,LCU,LCVP,cup_o_lcvp_sla,T,F,T,T,7.62,classes_eastern.csv,train,
LCU,LCU,PTS-M,rhssaf_army_o_pts,T,T,T,T,7.77,classes_eastern.csv,train,
Self-propelled Artillery,Self-propelled Artillery,2S1,rhssaf_army_o_2s1,T,T,F,T,5.6,classes_eastern.csv,train,
Tank,Tank,T-72,rhssaf_army_o_t72s,T,T,F,T,7.36,classes_eastern.csv,train,
RADAR,RADAR,P-37,rhs_p37_turret_vpvo,T,T,F,T,8.16,classes_eastern.csv,train,
RADAR,RADAR,PRV-13,rhs_prv13_turret_vpvo,T,T,F,T,6.38,classes_eastern.csv,train,
Armored,IFV,2S25,rhs_sprut_vdv,T,T,T,T,7.16,classes_eastern.csv,train,
Tank,Tank,T-14,rhs_t14_tv,T,T,F,T,6.99,classes_eastern.csv,train,
Tank,Tank,T-72,rhs_t72ba_tv,T,T,F,T,7.36,classes_eastern.csv,train,
Tank,Tank,T-72,rhs_t72bb_tv,T,T,F,T,7.36,classes_eastern.csv,train,
Tank,Tank,T-72,rhs_t72bc_tv,T,T,F,T,7.36,classes_eastern.csv,train,
Tank,Tank,T-72,rhs_t72bd_tv,T,T,F,T,7.36,classes_eastern.csv,train,
Tank,Tank,T-72,rhs_t72be_tv,T,T,F,T,7.36,classes_eastern.csv,train,
Tank,Tank,T-80,rhs_t80,T,T,F,T,6.53,classes_eastern.csv,train,
Tank,Tank,T-80,rhs_t80a,T,T,F,T,6.12,classes_eastern.csv,train,
Tank,Tank,T-80,rhs_t80b,T,T,F,T,5.89,classes_eastern.csv,train,
Tank,Tank,T-80,rhs_t80bk,T,T,F,T,5.89,classes_eastern.csv,train,
Tank,Tank,T-80,rhs_t80bv,T,T,F,T,5.9,classes_eastern.csv,train,
Tank,Tank,T-80,rhs_t80bvk,T,T,F,T,5.9,classes_eastern.csv,train,
Tank,Tank,T-80,rhs_t80u,T,T,F,T,5.86,classes_eastern.csv,train,
Tank,Tank,T-80,rhs_t80u45m,T,T,F,T,5.86,classes_eastern.csv,train,
Tank,Tank,T-80,rhs_t80ue1,T,T,F,T,5.87,classes_eastern.csv,train,
Tank,Tank,T-80,rhs_t80uk,T,T,F,T,5.86,classes_eastern.csv,train,
Tank,Tank,T-80,rhs_t80um,T,T,F,T,5.86,classes_eastern.csv,train,
Tank,Tank,T-90,rhs_t90_tv,T,T,F,T,7.36,classes_eastern.csv,train,
Tank,Tank,T-90,rhs_t90a_tv,T,T,F,T,7.36,classes_eastern.csv,train,
Tank,Tank,T-90,rhs_t90am_tv,T,T,F,T,7.36,classes_eastern.csv,train,
Tank,Tank,T-90,rhs_t90saa_tv,T,T,F,T,7.36,classes_eastern.csv,train,
Tank,Tank,T-90,rhs_t90sab_tv,T,T,F,T,7.32,classes_eastern.csv,train,
Tank,Tank,T-90,rhs_t90sm_tv,T,T,F,T,7.36,classes_eastern.csv,train,
Self-propelled Artillery,Self-propelled Artillery,2S3,rhs_2s3_tv,T,T,F,T,5.75,classes_eastern.csv,train,
TEL,TEL,9P129,rhs_9k79,T,T,F,T,6.91,classes_eastern.csv,train,
TEL,TEL,2P16,gm_pl_army_2p16,T,T,F,T,5.72,classes_eastern.csv,train,
Tank,Tank,T-55,gm_gc_army_t55,T,T,F,T,6.08,classes_eastern.csv,train,
Tank,Tank,T-55,gm_gc_army_t55a,T,T,F,T,6.08,classes_eastern.csv,train,
Tank,Tank,T-55,gm_gc_army_t55ak,T,T,F,T,6.08,classes_eastern.csv,train,
Tank,Tank,T-55,gm_gc_army_t55am2,T,T,F,T,6.08,classes_eastern.csv,train,
Tank,Tank,T-55,gm_gc_army_t55am2b,T,T,F,T,6.08,classes_eastern.csv,train,
RADAR,RADAR,R-750,o_radar_system_02_f,T,T,F,T,4.33,classes_eastern.csv,train,
SAM,SAM,S-750,o_sam_system_04_f,T,T,F,T,5.91,classes_eastern.csv,train,
Support,Mil_truck,1B75,pook_1b75_opfor,T,T,F,T,5.4,classes_eastern.csv,train,
Self-propelled Artillery,Self-propelled Artillery,2S19,pook_2s19_opfor,T,T,F,T,7.69,classes_eastern.csv,train,
Self-propelled Artillery,Self-propelled Artillery,2S3,pook_2s3_opfor,T,T,F,T,4.9,classes_eastern.csv,train,
Self-propelled Artillery,Self-propelled Artillery,2S34,pook_2s34_opfor,T,T,F,T,5.17,classes_eastern.csv,train,
Self-propelled Artillery,Self-propelled Artillery,2S5,pook_2s5_opfor,T,T,F,T,5.44,classes_eastern.csv,train,
Self-propelled Artillery,Self-propelled Artillery,2S7,pook_2s7_opfor,T,T,F,T,7.75,classes_eastern.csv,train,
TEL,TEL,3K60,pook_3k60_opfor,T,T,F,T,7.23,classes_eastern.csv,train,
RADAR,RADAR,4K51,pook_4k51_opfor,T,T,F,T,7.83,classes_eastern.csv,train,
TEL,TEL,9K52,pook_9k52_opfor,T,T,F,T,6.93,classes_eastern.csv,train,
MLRS,MLRS,9K57,pook_9k57_opfor,T,T,F,T,6.17,classes_eastern.csv,train,
MLRS,MLRS,9K57,pook_9k57m_opfor,T,T,F,T,9.07,classes_eastern.csv,train,
MLRS,MLRS,9K58,pook_9k58_opfor,T,T,F,T,7.19,classes_eastern.csv,train,
TEL,TEL,SCUD,pook_scud_opfor,T,T,F,T,8.28,classes_eastern.csv,train,
TEL,TEL,9K720,pook_9k720_opfor,T,T,F,T,7.9,classes_eastern.csv,train,
TEL,TEL,9K720,pook_9k720k_opfor,T,T,F,T,7.9,classes_eastern.csv,train,
Self-propelled Artillery,Self-propelled Artillery,A-222,pook_a222_opfor,T,T,F,T,7.02,classes_eastern.csv,train,
MLRS,MLRS,TOS-1,pook_tos1a_opfor,T,T,F,T,5.33,classes_eastern.csv,train,
Support,Mil_truck,P-12,pook_p12_root,T,T,F,T,13.59,classes_eastern.csv,train,
Support,Mil_truck,P-18,pook_p18_root,T,T,F,T,18.41,classes_eastern.csv,train,
RADAR,RADAR,PRV-11,pook_prv11_base,T,T,F,T,20.99,classes_eastern.csv,train,
RADAR,RADAR,PRV-13,pook_prv13_base,T,T,F,T,20.99,classes_eastern.csv,train,
RADAR,RADAR,PRV-16,pook_prv16_base,T,T,F,T,13.23,classes_eastern.csv,train,
RADAR,RADAR,PU-12,pook_pu12_base,T,T,F,T,17.44,classes_eastern.csv,train,
RADAR,RADAR,SON-50,pook_son50_base,T,T,F,T,13.16,classes_eastern.csv,train,
RADAR,RADAR,SON-9A,pook_son9_base,T,T,F,T,13.76,classes_eastern.csv,train,
RADAR,RADAR,30N6E,pook_30n6e_base,T,T,F,T,7.81,classes_eastern.csv,train,
RADAR,RADAR,30N6E,pook_30n6e2_base,T,T,F,T,7.81,classes_eastern.csv,train,
SAM,SAM,5P85,pook_5p85d_base,T,T,F,T,7.46,classes_eastern.csv,train,
SAM,SAM,5P85,pook_5p85s_base,T,T,F,T,7.46,classes_eastern.csv,train,
SAM,SAM,5P85,pook_sa21_static_base,T,T,F,T,14.1,classes_eastern.csv,train,
SAM,SAM,5P85,pook_sa20_static_base,T,T,F,T,14.1,classes_eastern.csv,train,
RADAR,RADAR,64N6E,pook_64n6e_brown,T,T,F,T,9.96,classes_eastern.csv,train,
RADAR,RADAR,64N6E,pook_64n6e_desertcamo,T,T,F,T,9.96,classes_eastern.csv,train,
RADAR,RADAR,64N6E,pook_64n6e_tan,T,T,F,T,9.96,classes_eastern.csv,train,
RADAR,RADAR,64N6E,pook_64n6e_base,T,T,F,T,9.96,classes_eastern.csv,train,
RADAR,RADAR,64N6E,pook_64n6e_drab,T,T,F,T,9.96,classes_eastern.csv,train,
SAM,SAM,9K317,pook_9k317_root,T,T,F,T,4.85,classes_eastern.csv,train,
SAM,SAM,9K317,pook_9k317m2_root,T,T,F,T,5.8,classes_eastern.csv,train,
SAM,SAM,9K317,pook_9k317m3_root,T,T,F,T,4.85,classes_eastern.csv,train,
SAM,SAM,9K33,pook_sa8_opfor,T,T,F,T,5.93,classes_eastern.csv,train,
SAM,SAM,9K37,pook_9k37_root,T,T,F,T,4.84,classes_eastern.csv,train,
SAM,SAM,9K37,pook_9k37m2_root,T,T,F,T,5.79,classes_eastern.csv,train,
RADAR,RADAR,AN/MPQ-61,pook_anmpq61_root_opfor,T,T,F,T,4.56,classes_eastern.csv,train,
RADAR,RADAR,AN/MPQ-61,pook_anmpq62_root_opfor,T,T,F,T,4.07,classes_eastern.csv,train,
SAM,SAM,HAWK,pook_mim23_root_opfor,T,T,F,T,5.72,classes_eastern.csv,train,
RADAR,RADAR,Nebo-SV,pook_nebo_sv_brown,T,T,F,T,15.48,classes_eastern.csv,train,
SAM,SAM,S-125,pook_sa3_static_root,T,T,F,T,15.11,classes_eastern.csv,train,
SAM,SAM,S-125,pook_sa3_tracked_root,T,T,F,T,10.7,classes_eastern.csv,train,
SAM,SAM,S-75,pook_sa2_tracked_root,T,T,F,T,8.81,classes_eastern.csv,train,
SAM,SAM,S-75,pook_sa2_static_root,T,T,F,T,9.76,classes_eastern.csv,train,
RADAR,RADAR,SNR-125,pook_sa3_radar_base,T,T,F,T,18.64,classes_eastern.csv,train,
RADAR,RADAR,SNR-75,pook_snr75_radar_base,T,T,F,T,18.64,classes_eastern.csv,train,
SAM,SAM,Tor,pook_9k331_root,T,T,F,T,4.7,classes_eastern.csv,train,
SAM,SAM,Tor,pook_9k332_root,T,T,F,T,5.42,classes_eastern.csv,train,
SAM,SAM,Pantsir,pook_96k6_root,T,T,F,T,5.45,classes_eastern.csv,train,
Plane,Attacker,Su-25,cup_o_su25_dyn_tka,T,T,F,T,11.92,classes_eastern.csv,train,
Plane,Cargo,An-2,cwr3_o_an2,T,T,F,T,12.57,classes_eastern.csv,train,
Plane,Fighter,Mig-23,cwr3_o_mig23,T,T,F,T,16.2,classes_eastern.csv,train,
Plane,Fighter,Mig-27,cwr3_o_mig27,T,T,F,T,16.09,classes_eastern.csv,train,
Plane,Fighter,Su-17,cwr3_o_su17m4,T,T,F,T,18.28,classes_eastern.csv,train,
Plane,Attacker,Su-25,cwr3_o_su25,T,T,F,T,11.92,classes_eastern.csv,train,
Plane,Fighter,Su-34,cup_o_su34_sla,T,T,F,T,16.01,classes_eastern.csv,train,
Plane,Fighter,Mig-29,rhssaf_airforce_o_l_18,T,T,F,T,12.5,classes_eastern.csv,train,
Plane,Fighter,Mig-29,rhs_mig29s_vvs,T,T,F,T,12.5,classes_eastern.csv,train,
Plane,Fighter,Mig-29,rhs_mig29sm_vvs,T,T,F,T,12.5,classes_eastern.csv,train,
Plane,Attacker,Su-25,rhs_su25sm_vvs,T,T,F,T,11.81,classes_eastern.csv,train,
Plane,Fighter,Su-57,rhs_t50_vvs_generic,T,T,F,T,15.19,classes_eastern.csv,train,
Plane,Fighter,Su-57,rhs_t50_vvs_051,T,T,F,T,15.19,classes_eastern.csv,train,
Plane,Fighter,Su-57,rhs_t50_vvs_052,T,T,F,T,15.19,classes_eastern.csv,train,
Plane,Fighter,Su-57,rhs_t50_vvs_053,T,T,F,T,15.19,classes_eastern.csv,train,
Plane,Fighter,Su-57,rhs_t50_vvs_generic_ext,T,T,F,T,15.19,classes_eastern.csv,train,
Plane,Fighter,Su-57,rhs_t50_vvs_054,T,T,F,T,15.19,classes_eastern.csv,train,
Plane,Fighter,Su-57,rhs_t50_vvs_blueonblue,T,T,F,T,15.19,classes_eastern.csv,train,
Plane,Bomber,Tu-95,rhs_tu95ms_vvs_old,T,T,F,T,34.44,classes_eastern.csv,train,
Plane,Fighter,Mig-29,rhs_mig29s_vvsc,T,T,F,T,12.5,classes_eastern.csv,train,
Plane,Fighter,Mig-29,rhs_mig29sm_vvsc,T,T,F,T,12.5,classes_eastern.csv,train,
Plane,Attacker,Su-25,rhs_su25sm_vvsc,T,T,F,T,11.81,classes_eastern.csv,train,
Plane,Fighter,Mig-29,rhs_mig29s_vmf,T,T,F,T,12.5,classes_eastern.csv,train,
Plane,Fighter,Mig-29,rhs_mig29sm_vmf,T,T,F,T,12.5,classes_eastern.csv,train,
Plane,Cargo,L-410,gm_gc_airforce_l410s_salon,T,T,F,T,13.45,classes_eastern.csv,train,
Support,Mil_truck,KrAZ-255,rhsgref_tla_kraz255b1_cargo_open,T,T,F,T,6.32,classes_eastern.csv,train,
Support,Mil_truck,V3S,cup_o_v3s_open_tkm,T,T,F,T,5.3,classes_eastern.csv,train,
Support,Mil_truck,V3S,cup_o_v3s_open_tka,T,T,F,T,5.3,classes_eastern.csv,train,
Support,Mil_truck,V3S,cup_o_v3s_covered_tka,T,T,F,T,5.29,classes_eastern.csv,train,
Support,Mil_truck,V3S,cup_o_v3s_rearm_tka,T,T,F,T,4.89,classes_eastern.csv,train,
Support,Mil_truck,V3S,cup_o_v3s_refuel_tka,T,T,F,T,4.77,classes_eastern.csv,train,
Support,Mil_truck,V3S,cup_o_v3s_repair_tka,T,T,F,T,4.89,classes_eastern.csv,train,
Support,Mil_car,UAZ-469,cup_o_uaz_unarmed_tka,T,T,F,T,3.13,classes_eastern.csv,train,
Support,Mil_car,UAZ-469,cup_o_uaz_ags30_tka,T,T,F,T,3.03,classes_eastern.csv,train,
Support,Mil_car,UAZ-469,cup_o_uaz_metis_tka,T,T,F,T,3.03,classes_eastern.csv,train,
Support,Mil_truck,Ural-4320,cup_o_ural_tka,T,T,F,T,5.25,classes_eastern.csv,train,
Support,Mil_truck,Ural-4320,cup_o_ural_reammo_tka,T,T,F,T,5.09,classes_eastern.csv,train,
Support,Mil_truck,Ural-4320,cup_o_ural_empty_tka,T,T,F,T,5.09,classes_eastern.csv,train,
Support,Mil_truck,Ural-4320,cup_o_ural_open_tka,T,T,F,T,5.25,classes_eastern.csv,train,
Support,Mil_truck,Ural-4320,cup_o_ural_refuel_tka,T,T,F,T,5.24,classes_eastern.csv,train,
Support,Mil_truck,Ural-4320,cup_o_ural_repair_tka,T,T,F,T,5.09,classes_eastern.csv,train,
Support,Mil_truck,Ural-4320,cwr3_o_ural_zu23,T,T,F,T,5.31,classes_eastern.csv,train,
Support,Mil_truck,GAZ-66,rhs_gaz66_vv,T,T,F,T,4.6,classes_eastern.csv,train,
Support,Mil_truck,GAZ-66,rhs_gaz66o_vv,T,T,F,T,4.6,classes_eastern.csv,train,
Support,Mil_truck,GAZ-66,rhs_gaz66_zu23_vv,T,T,F,T,4.38,classes_eastern.csv,train,
Support,Mil_truck,GAZ-66,rhs_gaz66_ap2_vv,T,T,F,T,4.34,classes_eastern.csv,train,
Support,Mil_truck,GAZ-66,rhs_gaz66_repair_vv,T,T,F,T,4.53,classes_eastern.csv,train,
Support,Mil_truck,KamAZ-5350,rhs_kamaz5350_vv,T,T,F,T,5.48,classes_eastern.csv,train,
Support,Mil_truck,KamAZ-5350,rhs_kamaz5350_ammo_vv,T,T,F,T,5.48,classes_eastern.csv,train,
Support,Mil_truck,KamAZ-5350,rhs_kamaz5350_flatbed_cover_vv,T,T,F,T,5.48,classes_eastern.csv,train,
Support,Mil_truck,KamAZ-5350,rhs_kamaz5350_open_vv,T,T,F,T,5.48,classes_eastern.csv,train,
Support,Mil_truck,KamAZ-5350,rhs_kamaz5350_flatbed_vv,T,T,F,T,5.48,classes_eastern.csv,train,
Support,Mil_truck,KrAZ-255,rhs_kraz255b1_bmkt_vv,T,T,F,T,6.32,classes_eastern.csv,train,
Support,Mil_truck,KrAZ-255,rhs_kraz255b1_flatbed_vv,T,T,F,T,6.32,classes_eastern.csv,train,
Support,Mil_truck,KrAZ-255,rhs_kraz255b1_cargo_open_vv,T,T,F,T,6.32,classes_eastern.csv,train,
Support,Mil_truck,KrAZ-255,rhs_kraz255b1_pmp_vv,T,T,F,T,6.32,classes_eastern.csv,train,
Support,Mil_truck,KrAZ-255,rhs_kraz255b1_fuel_vv,T,T,F,T,6.32,classes_eastern.csv,train,
Support,Mil_truck,Ural-4320,rhs_ural_vv_01,T,T,F,T,5.25,classes_eastern.csv,train,
Support,Mil_truck,Ural-4320,rhs_ural_fuel_vv_01,T,T,F,T,5.24,classes_eastern.csv,train,
Support,Mil_truck,Ural-4320,rhs_ural_open_vv_01,T,T,F,T,5.68,classes_eastern.csv,train,
Support,Mil_truck,Ural-4320,rhs_ural_repair_vv_01,T,T,F,T,5.09,classes_eastern.csv,train,
Support,Mil_truck,Ural-4320,rhs_ural_zu23_vv_01,T,T,F,T,5.25,classes_eastern.csv,train,
Support,Mil_truck,ZiL-131,rhs_zil131_vv,T,T,F,T,5.18,classes_eastern.csv,train,
Support,Mil_truck,ZiL-131,rhs_zil131_open_vv,T,T,F,T,5.18,classes_eastern.csv,train,
Support,Mil_car,UAZ-469,rhs_uaz_vv,T,T,F,T,3.13,classes_eastern.csv,train,
Support,Mil_car,tigr,rhs_tigr_vv,T,T,F,T,3.75,classes_eastern.csv,train,
Support,Mil_car,tigr,rhs_tigr_3camo_vv,T,T,F,T,3.75,classes_eastern.csv,train,
Support,Mil_car,Vodnik,cup_o_gaz_vodnik_unarmed_ru,T,T,F,T,4.32,classes_eastern.csv,train,
Support,Mil_car,Vodnik,cup_o_gaz_vodnik_kpvt_ru,T,T,F,T,4.32,classes_eastern.csv,train,
Support,Mil_truck,MZKT,pook_mzkt_ammo_opfor,T,T,F,T,7.9,classes_eastern.csv,train,
Support,ASV,BRDM-2,cup_o_brdm2_rus,T,T,T,T,4.2,classes_eastern.csv,train,
Support,ASV,BRDM-2,cup_o_brdm2_atgm_rus,T,T,T,T,4.2,classes_eastern.csv,train,
Support,ASV,BRDM-2,cup_o_brdm2_hq_rus,T,T,T,T,4.2,classes_eastern.csv,train,
Armored,APC,Tpz,gm_ge_army_fuchsa0_reconnaissance,T,T,F,T,4.69,classes_western.csv,train,
Armored,APC,Tpz,gm_ge_army_fuchsa0_engineer,T,T,F,T,4.79,classes_western.csv,train,
Armored,APC,Tpz,gm_ge_army_fuchsa0_command,T,T,F,T,4.83,classes_western.csv,train,
Armored,IFV,marder,gm_ge_army_marder1a2,T,T,F,T,4.87,classes_western.csv,train,
Armored,IFV,marder,gm_ge_army_marder1a1a,T,T,F,T,4.87,classes_western.csv,train,
Armored,IFV,marder,gm_ge_army_marder1a1plus,T,T,F,T,4.87,classes_western.csv,train,
Armored,APC,sppz,gm_ge_army_luchsa2,T,T,F,T,5.65,classes_western.csv,train,
Armored,APC,sppz,gm_ge_army_luchsa1,T,T,F,T,5.65,classes_western.csv,train,
Armored,APC,M113,gm_ge_army_m113a1g_medic,T,T,F,T,4.16,classes_western.csv,train,
Armored,APC,M113,gm_ge_army_m113a1g_command,T,T,F,T,4.16,classes_western.csv,train,
Armored,APC,M113,gm_ge_army_m113a1g_apc_milan,T,T,F,T,4.16,classes_western.csv,train,
Armored,IFV,gepard,gm_ge_army_gepard1a1,T,T,F,T,5.16,classes_western.csv,train,
Armored,MRAP,M1240,rhsusf_m1240a1_mk19crows_usmc_wd,T,T,F,T,5.17,classes_western.csv,train,
Armored,MRAP,M1240,rhsusf_m1240a1_m2crows_usmc_wd,T,T,F,T,5.17,classes_western.csv,train,
Armored,MRAP,M1240,rhsusf_m1240a1_mk19_usmc_wd,T,T,F,T,5.09,classes_western.csv,train,
Armored,MRAP,M1240,rhsusf_m1240a1_m240_usmc_wd,T,T,F,T,5.09,classes_western.csv,train,
Armored,MRAP,M1240,rhsusf_m1240a1_m2_usmc_wd,T,T,F,T,5.09,classes_western.csv,train,
Armored,MRAP,M1240,rhsusf_m1240a1_usmc_wd,T,T,F,T,4.44,classes_western.csv,train,
Armored,MRAP,M1232,rhsusf_m1232_mc_mk19_usmc_wd,T,T,F,T,5.46,classes_western.csv,train,
Armored,MRAP,CGR,rhsusf_cgrcat1a2_mk19_usmc_wd,T,T,F,T,4.08,classes_western.csv,train,
Armored,MRAP,CGR,rhsusf_cgrcat1a2_m2_usmc_wd,T,T,F,T,4.08,classes_western.csv,train,
Armored,MRAP,CGR,rhsusf_cgrcat1a2_usmc_wd,T,T,F,T,4.08,classes_western.csv,train,
Support,ASV,M1117,rhsusf_m1117_w,T,T,F,T,4.22,classes_western.csv,train,
Armored,IFV,M2A2,rhs_m2a2_wd,T,T,F,T,6.06,classes_western.csv,train,
Armored,IFV,M2A2,rhs_m2a2_buski_wd,T,T,F,T,6.14,classes_western.csv,train,
Armored,IFV,M2A2,rhs_m2a3_wd,T,T,F,T,5.39,classes_western.csv,train,
Armored,IFV,M2A2,rhs_m2a3_buski_wd,T,T,F,T,5.79,classes_western.csv,train,
Armored,IFV,M2A2,rhs_m2a3_buskiii_wd,T,T,F,T,5.79,classes_western.csv,train,
Armored,APC,M1126,rhsusf_stryker_m1126_m2_wd,T,T,F,T,5.08,classes_western.csv,train,
Armored,APC,M1126,rhsusf_stryker_m1126_mk19_wd,T,T,F,T,5.08,classes_western.csv,train,
Armored,APC,M1126,rhsusf_stryker_m1132_m2_np_wd,T,T,F,T,6.26,classes_western.csv,train,
Armored,IFV,M2A2,rhs_m2a2,T,T,F,T,6.06,classes_western.csv,train,
Armored,IFV,M2A2,rhs_m2a2_buski,T,T,F,T,6.14,classes_western.csv,train,
Armored,IFV,M2A2,rhs_m2a3,T,T,F,T,5.39,classes_western.csv,train,
Armored,IFV,M2A2,rhs_m2a3_buski,T,T,F,T,5.79,classes_western.csv,train,
Armored,IFV,M2A2,rhs_m2a3_buskiii,T,T,F,T,5.79,classes_western.csv,train,
Armored,APC,AAVP-7,cup_b_aav_unarmed_usmc,T,T,T,T,5.93,classes_western.csv,train,
Armored,APC,AAVP-7,cup_b_aav_usmc,T,T,T,T,5.93,classes_western.csv,train,
Armored,IFV,LAV-25,cup_b_lav25_usmc,T,T,T,T,4.77,classes_western.csv,train,
Armored,IFV,LAV-25,cup_b_lav25_desert_usmc,T,T,T,T,4.77,classes_western.csv,train,
Armored,IFV,LAV-25,cup_b_lav25_green,T,T,T,T,4.77,classes_western.csv,train,
Armored,APC,LAV-C2,cup_b_lav25_hq_usmc,T,T,T,T,4.51,classes_western.csv,train,
Armored,APC,LAV-C2,cup_b_lav25_hq_desert_usmc,T,T,T,T,4.51,classes_western.csv,train,
Armored,APC,LAV-C2,cup_b_lav25_hq_green,T,T,T,T,4.51,classes_western.csv,train,
Armored,APC,M577,cwr3_b_m577_hq_des,T,T,F,T,4.33,classes_western.csv,train,
Armored,APC,M163A1,cwr3_b_m163_des,T,T,F,T,4.08,classes_western.csv,train,
Armored,APC,M577,cwr3_b_m577_hq,T,T,F,T,4.33,classes_western.csv,train,
Armored,APC,M163A1,cwr3_b_m163,T,T,F,T,4.08,classes_western.csv,train,
Armored,APC,M1126,cup_b_m1129_mc_mk19_woodland,T,T,F,T,5.25,classes_western.csv,train,
Armored,APC,M1126,cup_b_m1129_mc_mk19_desert,T,T,F,T,5.25,classes_western.csv,train,
Armored,APC,M1126,cup_b_m1126_icv_m2_desert,T,T,F,T,5.25,classes_western.csv,train,
Armored,APC,M1126,cup_b_m1126_icv_m2_woodland,T,T,F,T,5.25,classes_western.csv,train,
Armored,APC,M163A1,cup_b_m163_vulcan_usa,T,T,F,T,4.08,classes_western.csv,train,
Armored,APC,Boxer,cup_b_boxer_empty_ger_des,T,T,F,T,5.08,classes_western.csv,train,
Armored,APC,Boxer,cup_b_boxer_gmg_ger_des,T,T,F,T,5.47,classes_western.csv,train,
Armored,APC,Boxer,cup_b_boxer_hmg_ger_des,T,T,F,T,5.47,classes_western.csv,train,
Armored,APC,Boxer,cup_b_boxer_empty_ger_wdl,T,T,F,T,5.08,classes_western.csv,train,
Armored,APC,Boxer,cup_b_boxer_gmg_ger_wdl,T,T,F,T,5.47,classes_western.csv,train,
Armored,APC,Boxer,cup_b_boxer_hmg_ger_wdl,T,T,F,T,5.47,classes_western.csv,train,
Armored,MRAP,Dingo 2,cup_b_dingo_gl_ger_des,T,T,F,T,4.05,classes_western.csv,train,
Armored,MRAP,Dingo 2,cup_b_dingo_gl_ger_wdl,T,T,F,T,4.05,classes_western.csv,train,
Armored,MRAP,Fennek,cup_b_fennek_ger_des,T,T,F,T,4.51,classes_western.csv,train,
Armored,MRAP,Fennek,cup_b_fennek_ger_wdl,T,T,F,T,4.51,classes_western.csv,train,
Armored,MRAP,TSV,cup_b_wolfhound_lmg_gb_w,T,T,F,T,4.36,classes_western.csv,train,
Armored,MRAP,TSV,cup_b_wolfhound_lmg_gb_d,T,T,F,T,4.36,classes_western.csv,train,
Armored,MRAP,PPV,cup_b_ridgback_lmg_gb_d,T,T,F,T,4.48,classes_western.csv,train,
Armored,MRAP,PPV,cup_b_ridgback_lmg_gb_w,T,T,F,T,4.48,classes_western.csv,train,
Armored,IFV,MCV-80,cup_b_mcv80_gb_w,T,T,F,T,5.46,classes_western.csv,train,
Armored,IFV,MCV-80,cup_b_mcv80_gb_w_slat,T,T,F,T,5.46,classes_western.csv,train,
Armored,IFV,MCV-80,cup_b_mcv80_gb_d_slat,T,T,F,T,5.46,classes_western.csv,train,
Armored,IFV,MCV-80,cup_b_mcv80_gb_d,T,T,F,T,5.46,classes_western.csv,train,
Armored,IFV,FV510,cup_b_fv510_gb_w,T,T,F,T,5.46,classes_western.csv,train,
Armored,IFV,FV510,cup_b_fv510_gb_w_slat,T,T,F,T,5.46,classes_western.csv,train,
Armored,IFV,FV510,cup_b_fv510_gb_d_slat,T,T,F,T,5.46,classes_western.csv,train,
Armored,IFV,FV510,cup_b_fv510_gb_d,T,T,F,T,5.46,classes_western.csv,train,
Armored,APC,FV432,cup_b_fv432_gb_ambulance,T,T,F,T,6.18,classes_western.csv,train,
Armored,APC,FV432,cup_b_fv432_bulldog_gb_d_rws,T,T,F,T,6.18,classes_western.csv,train,
Armored,APC,FV432,cup_b_fv432_bulldog_gb_w_rws,T,T,F,T,6.18,classes_western.csv,train,
Armored,APC,FV432,cup_b_fv432_bulldog_gb_d,T,T,F,T,6.18,classes_western.csv,train,
Armored,APC,FV432,cup_b_fv432_gb_gpmg,T,T,F,T,6.18,classes_western.csv,train,
Armored,APC,FV432,cup_b_fv432_mortar,T,T,F,T,6.18,classes_western.csv,train,
Helicopter,OH,Bo105,gm_ge_bgs_bo105m_vbh,T,T,F,T,8.28,classes_western.csv,train,
Helicopter,CH,CH-53,gm_ge_army_ch53g,T,T,F,T,18.36,classes_western.csv,train,
Helicopter,CH,CH-53,gm_ge_army_ch53gs,T,T,F,T,18.34,classes_western.csv,train,
Helicopter,OH,Bo105,gm_ge_army_bo105p_pah1,T,T,F,T,8.28,classes_western.csv,train,
Helicopter,OH,Bo105,gm_ge_army_bo105p_pah1a1,T,T,F,T,8.28,classes_western.csv,train,
Helicopter,OH,Bo105,gm_ge_army_bo105m_vbh,T,T,F,T,8.28,classes_western.csv,train,
Helicopter,OH,Bo105,gm_ge_army_bo105p1m_vbh,T,T,F,T,8.28,classes_western.csv,train,
Helicopter,OH,Bo105,gm_ge_army_bo105p1m_vbh_swooper,T,T,F,T,8.28,classes_western.csv,train,
Helicopter,AH,AH-1Z,rhs_ah1z_wd,T,T,F,T,12.13,classes_western.csv,train,
Helicopter,CH,CH-53,rhsusf_ch53e_usmc,T,T,F,T,21.83,classes_western.csv,train,
Helicopter,CH,CH-53,rhsusf_ch53e_usmc_cargo,T,T,F,T,21.83,classes_western.csv,train,
Helicopter,CH,CH-53,rhsusf_ch53e_usmc_gau21,T,T,F,T,21.83,classes_western.csv,train,
Helicopter,UH,UH-1Y,rhs_uh1y_ffar,T,T,F,T,12.38,classes_western.csv,train,
Helicopter,UH,UH-1Y,rhs_uh1y,T,T,F,T,12.38,classes_western.csv,train,
Helicopter,UH,UH-1Y,rhs_uh1y_unarmed,T,T,F,T,12.38,classes_western.csv,train,
Helicopter,OH,OH-6,rhs_melb_h6m,T,T,F,T,6.94,classes_western.csv,train,
Helicopter,OH,OH-6,rhs_melb_mh6m,T,T,F,T,6.94,classes_western.csv,train,
Helicopter,OH,OH-6,rhs_melb_ah6m,T,T,F,T,6.94,classes_western.csv,train,
Helicopter,UH,UH-60,rhs_uh60m,T,T,F,T,13.74,classes_western.csv,train,
Helicopter,UH,UH-60,rhs_uh60m_esss,T,T,F,T,13.74,classes_western.csv,train,
Helicopter,UH,UH-60,rhs_uh60m_esss2,T,T,F,T,13.74,classes_western.csv,train,
Helicopter,UH,UH-60,rhs_uh60m2,T,T,F,T,13.74,classes_western.csv,train,
Helicopter,UH,UH-60,rhs_uh60m_mev2,T,T,F,T,13.78,classes_western.csv,train,
Helicopter,CH,CH-47,rhs_ch_47f,T,T,F,T,18.67,classes_western.csv,train,
Helicopter,AH,AH-64,rhs_ah64d_wd,T,T,F,T,11.96,classes_western.csv,train,
Helicopter,CH,MV-22,cup_b_mv22_viv_usmc,T,T,F,T,18.48,classes_western.csv,train,
Helicopter,CH,MV-22,cup_b_mv22_usmc,T,T,F,T,18.48,classes_western.csv,train,
Helicopter,UH,UH-60,cwr3_b_uh60_unarmed,T,T,F,T,13.76,classes_western.csv,train,
Helicopter,OH,OH-58,cwr3_b_kiowa_m2,T,T,F,T,10.6,classes_western.csv,train,
Helicopter,OH,OH-58,cwr3_b_kiowa_ffar,T,T,F,T,10.6,classes_western.csv,train,
Helicopter,OH,OH-58,cwr3_b_kiowa_at,T,T,F,T,10.6,classes_western.csv,train,
Helicopter,OH,OH-6,cwr3_b_mh6j,T,T,F,T,6.11,classes_western.csv,train,
Helicopter,OH,OH-6,cwr3_b_ah6j,T,T,F,T,6.11,classes_western.csv,train,
Helicopter,CH,CH-47,cwr3_b_ch47,T,T,F,T,18.67,classes_western.csv,train,
Helicopter,AH,AH-1S,cwr3_b_ah1f,T,T,F,T,10.59,classes_western.csv,train,
Helicopter,AH,AH-64,cwr3_b_ah64,T,T,F,T,11.97,classes_western.csv,train,
Helicopter,UH,AW159,cup_b_aw159_ger,T,T,F,T,8.19,classes_western.csv,train,
Helicopter,UH,AW159,cup_b_aw159_rn_blackcat,T,T,F,T,8.19,classes_western.csv,train,
Helicopter,UH,AW159,cup_b_aw159_gb,T,T,F,T,8.19,classes_western.csv,train,
Helicopter,UH,AW159,cup_b_aw159_rn_grey,T,T,F,T,8.19,classes_western.csv,train,
Helicopter,CH,Merlin,cup_b_merlin_hc3_gb,T,T,F,T,13.63,classes_western.csv,train,
MLRS,MLRS,RM-70,cup_b_rm70_cz,T,T,F,T,5.55,classes_western.csv,train,
Tank,Tank,leopard1,gm_ge_army_leopard1a1,T,T,F,T,5.95,classes_western.csv,train,
Tank,Tank,leopard1,gm_ge_army_leopard1a1a1,T,T,F,T,5.95,classes_western.csv,train,
Tank,Tank,leopard1,gm_ge_army_leopard1a1a2,T,T,F,T,5.95,classes_western.csv,train,
Tank,Tank,leopard1,gm_ge_army_leopard1a1a3,T,T,F,T,5.95,classes_western.csv,train,
Tank,Tank,leopard1,gm_ge_army_leopard1a3a1,T,T,F,T,5.95,classes_western.csv,train,
Tank,Tank,leopard1,gm_ge_army_leopard1a5,T,T,F,T,5.95,classes_western.csv,train,
Self-propelled Artillery,Self-propelled Artillery,M109,gm_ge_army_m109g,T,T,F,T,4.57,classes_western.csv,train,
MLRS,MLRS,LARS 2,gm_ge_army_kat1_463_mlrs,T,T,F,T,5.67,classes_western.csv,train,
Tank,Tank,M1A1,rhsusf_m1a1hc_wd,T,T,F,T,7.16,classes_western.csv,train,
Tank,Tank,M1A1,rhsusf_m1a1fep_od,T,T,F,T,7.16,classes_western.csv,train,
Tank,Tank,M1A1,rhsusf_m1a1fep_wd,T,T,F,T,7.16,classes_western.csv,train,
MLRS,MLRS,M142,rhsusf_m142_usmc_wd,T,T,F,T,5.08,classes_western.csv,train,
MLRS,MLRS,M142,rhsusf_m142_usarmy_wd,T,T,F,T,5.08,classes_western.csv,train,
MLRS,MLRS,M142,rhsusf_m142_usarmy_d,T,T,F,T,5.08,classes_western.csv,train,
Self-propelled Artillery,Self-propelled Artillery,M109A6,rhsusf_m109_usarmy,T,T,F,T,6.86,classes_western.csv,train,
Artillery,Artillery,M119,rhs_m119_wd,T,T,F,T,3.54,classes_western.csv,train,
Self-propelled Artillery,Self-propelled Artillery,M109A6,rhsusf_m109d_usarmy,T,T,F,T,6.86,classes_western.csv,train,
Tank,Tank,M60A3,cup_b_m60a3_usmc,T,T,F,T,6.54,classes_western.csv,train,
Tank,Tank,M60A3,cup_b_m60a3_tts_usmc,T,T,F,T,6.54,classes_western.csv,train,
LCU,LCU,LCU-1610,cup_b_lcu1600_usmc,T,F,T,T,23.98,classes_western.csv,train,
Boat,RHIB,RHIB,cup_b_rhib_usmc,T,F,T,T,6.06,classes_western.csv,train,
MLRS,MLRS,M270,cup_b_m270_dpicm_usmc,T,T,F,T,4.7,classes_western.csv,train,
MLRS,MLRS,M270,cup_b_m270_he_usmc,T,T,F,T,4.7,classes_western.csv,train,
RADAR,RADAR,AA_RADAR,b_radar_system_01_f,T,T,F,T,5.12,classes_western.csv,train,
Tank,Tank,FV4034,cup_b_challenger2_nato,T,T,F,T,8.59,classes_western.csv,train,
Tank,Tank,Leopard2,cup_b_leopard2a6dst_ger,T,T,F,T,6.54,classes_western.csv,train,
Tank,Tank,Leopard2,cup_b_leopard2a6_ger,T,T,F,T,6.54,classes_western.csv,train,
Tank,Tank,FV4034,cup_b_challenger2_green_ctrg,T,T,F,T,8.59,classes_western.csv,train,
Tank,Tank,FV4034,cup_b_challenger2_sand_ctrg,T,T,F,T,8.59,classes_western.csv,train,
Tank,Tank,FV4034,cup_b_challenger2_woodland_baf,T,T,F,T,8.59,classes_western.csv,train,
Tank,Tank,FV4034,cup_b_challenger2_2cd_baf,T,T,F,T,8.59,classes_western.csv,train,
Tank,Tank,FV4034,cup_b_challenger2_2cw_baf,T,T,F,T,8.59,classes_western.csv,train,
Tank,Tank,FV4034,cup_b_challenger2_2cs_baf,T,T,F,T,8.59,classes_western.csv,train,
Tank,Tank,FV4034,cup_b_challenger2_snow_baf,T,T,F,T,8.59,classes_western.csv,train,
Tank,Tank,FV4034,cup_b_challenger2_desert_baf,T,T,F,T,8.59,classes_western.csv,train,
LCU,LCU,LCU Mk.10,cup_b_mk10_gb,T,F,T,T,17.83,classes_western.csv,train,
RADAR,RADAR,1L220UK,pook_1l220uk_blufor,T,T,F,T,11.43,classes_western.csv,train,
Self-propelled Artillery,Self-propelled Artillery,CAESAR,pook_caesar_blufor,T,T,F,T,8.11,classes_western.csv,train,
Artillery,Artillery,M777,pook_m777_des,T,T,F,T,8.31,classes_western.csv,train,
Artillery,Artillery,M777,pook_m777,T,T,F,T,8.31,classes_western.csv,train,
Plane,Attacker,A-10A,rhs_a10,T,T,F,T,13.11,classes_western.csv,train,
Plane,Cargo,C-130J,rhs_c130j_cargo,T,T,F,T,27.38,classes_western.csv,train,
Plane,Fighter,F-22A,rhsusf_f22,T,T,F,T,15.05,classes_western.csv,train,
Plane,Fighter,F-35,cup_b_f35b_usmc,T,T,F,T,10.42,classes_western.csv,train,
Plane,Attacker,AV-8,cup_b_av8b_dyn_usmc,T,T,F,T,10.06,classes_western.csv,train,
Plane,Fighter,F-4,cwr3_b_f4e,T,T,F,T,10.79,classes_western.csv,train,
Plane,Fighter,F-16,cwr3_b_f16c,T,T,F,T,13.16,classes_western.csv,train,
Plane,Cargo,C-130J,cwr3_b_c130_cargo,T,T,F,T,28.83,classes_western.csv,train,
Plane,Attacker,A-10A,cwr3_b_a10,T,T,F,T,13.21,classes_western.csv,train,
Plane,Cargo,C-130J,cup_b_c130j_gb,T,T,F,T,28.83,classes_western.csv,train,
Armored,APC,BrPz 1,gm_ge_army_bibera0,T,T,F,T,7.57,classes_western.csv,train,
Armored,APC,Bpz 2A0,gm_ge_army_bpz2a0,T,T,F,T,4.84,classes_western.csv,train,
Support,Mil_truck,2t,gm_ge_army_u1300l_firefighter,T,T,F,T,4.37,classes_western.csv,train,
Support,Mil_car,0.5t,gm_ge_army_iltis_cargo,T,T,F,T,3.22,classes_western.csv,train,
Support,Mil_car,0.5t,gm_ge_army_iltis_milan,T,T,F,T,3.15,classes_western.csv,train,
Support,Mil_car,0.5t,gm_ge_army_iltis_mg3,T,T,F,T,3.25,classes_western.csv,train,
Support,Mil_truck,10t,gm_ge_army_kat1_454_reammo,T,T,F,T,6.64,classes_western.csv,train,
Support,Mil_truck,10t,gm_ge_army_kat1_454_cargo,T,T,F,T,6.64,classes_western.csv,train,
Support,Mil_truck,2t,gm_ge_army_u1300l_container,T,T,F,T,4.37,classes_western.csv,train,
Support,Mil_truck,2t,gm_ge_army_u1300l_medic,T,T,F,T,4.37,classes_western.csv,train,
Support,Mil_truck,2t,gm_ge_army_u1300l_repair,T,T,F,T,4.59,classes_western.csv,train,
Support,Mil_truck,2t,gm_ge_army_u1300l_cargo,T,T,F,T,4.37,classes_western.csv,train,
Support,Mil_truck,10t,gm_ge_army_kat1_451_reammo,T,T,F,T,5.48,classes_western.csv,train,
Support,Mil_truck,10t,gm_ge_army_kat1_451_container,T,T,F,T,5.48,classes_western.csv,train,
Support,Mil_truck,10t,gm_ge_army_kat1_451_refuel,T,T,F,T,5.48,classes_western.csv,train,
Support,Mil_truck,10t,gm_ge_army_kat1_451_cargo,T,T,F,T,5.48,classes_western.csv,train,
Support,Mil_truck,10t,gm_ge_army_kat1_452_container,T,T,F,T,5.76,classes_western.csv,train,
Support,Mil_car,HMMWV,rhsusf_m1165_usmc_wd,T,T,F,T,3.69,classes_western.csv,train,
Support,Mil_car,HMMWV,rhsusf_m1152_rsv_usmc_wd,T,T,F,T,3.69,classes_western.csv,train,
Support,Mil_car,HMMWV,rhsusf_m1152_usmc_wd,T,T,F,T,3.69,classes_western.csv,train,
Support,Mil_car,HMMWV,rhsusf_m1151_mk19_v3_usmc_wd,T,T,F,T,4.32,classes_western.csv,train,
Support,Mil_car,HMMWV,rhsusf_m1151_m240_v3_usmc_wd,T,T,F,T,4.32,classes_western.csv,train,
Support,Mil_car,HMMWV,rhsusf_m1151_m2_v3_usmc_wd,T,T,F,T,4.32,classes_western.csv,train,
Support,Mil_car,HMMWV,rhsusf_m1151_usmc_wd,T,T,F,T,3.69,classes_western.csv,train,
Support,Mil_car,HMMWV,rhsusf_m1025_d_s_m2,T,T,F,T,3.35,classes_western.csv,train,
Support,Mil_car,HMMWV,rhsusf_m1025_d_s_mk19,T,T,F,T,3.35,classes_western.csv,train,
Support,Mil_car,HMMWV,rhsusf_m1025_d_s,T,T,F,T,3.35,classes_western.csv,train,
Support,Mil_car,HMMWV,rhsusf_m1165_usmc_d,T,T,F,T,3.69,classes_western.csv,train,
Support,Mil_car,HMMWV,rhsusf_m1152_rsv_usmc_d,T,T,F,T,3.69,classes_western.csv,train,
Support,Mil_car,HMMWV,rhsusf_m1152_usmc_d,T,T,F,T,3.69,classes_western.csv,train,
Support,Mil_car,HMMWV,rhsusf_m1151_mk19_v3_usmc_d,T,T,F,T,4.32,classes_western.csv,train,
Support,Mil_car,HMMWV,rhsusf_m1151_m240_v3_usmc_d,T,T,F,T,4.32,classes_western.csv,train,
Support,Mil_car,HMMWV,rhsusf_m1151_m2_v3_usmc_d,T,T,F,T,4.32,classes_western.csv,train,
Support,Mil_car,HMMWV,rhsusf_m1151_usmc_d,T,T,F,T,3.69,classes_western.csv,train,
Support,Mil_truck,M1078,rhsusf_m1078a1p2_wd_fmtv_usarmy,T,T,F,T,5.08,classes_western.csv,train,
Support,Mil_truck,M1078,rhsusf_m1078a1p2_wd_flatbed_fmtv_usarmy,T,T,F,T,5.08,classes_western.csv,train,
Support,Mil_truck,M1078,rhsusf_m1078a1p2_b_wd_fmtv_usarmy,T,T,F,T,5.08,classes_western.csv,train,
Support,Mil_truck,M1078,rhsusf_m1078a1p2_b_wd_flatbed_fmtv_usarmy,T,T,F,T,5.08,classes_western.csv,train,
Support,Mil_truck,M977A4,rhsusf_m977a4_usarmy_wd,T,T,F,T,6.93,classes_western.csv,train,
Support,Mil_truck,M977A4,rhsusf_m977a4_ammo_usarmy_wd,T,T,F,T,6.47,classes_western.csv,train,
Support,Mil_truck,M977A4,rhsusf_m977a4_repair_usarmy_wd,T,T,F,T,6.58,classes_western.csv,train,
Support,Mil_truck,M977A4,rhsusf_m977a4_bkit_usarmy_wd,T,T,F,T,7.09,classes_western.csv,train,
Support,Mil_truck,M977A4,rhsusf_m978a4_usarmy_wd,T,T,F,T,6.49,classes_western.csv,train,
Support,Mil_truck,M977A4,rhsusf_m978a4_bkit_usarmy_wd,T,T,F,T,6.66,classes_western.csv,train,
Support,Mil_truck,MTVR,cup_b_mtvr_usmc,T,T,F,T,5.24,classes_western.csv,train,
Support,Mil_truck,MTVR,cup_b_mtvr_refuel_usmc,T,T,F,T,4.97,classes_western.csv,train,
Support,Mil_truck,MTVR,cup_b_mtvr_repair_usmc,T,T,F,T,4.97,classes_western.csv,train,
Support,Mil_car,HMMWV,cup_b_nm1097_avenger_usmc_wdl,T,T,F,T,3.93,classes_western.csv,train,
Support,Mil_car,HMMWV,cup_b_nm1097_avenger_usmc_des,T,T,F,T,3.93,classes_western.csv,train,
Support,Mil_truck,M939,cwr3_b_m939_des,T,T,F,T,5.51,classes_western.csv,train,
Support,Mil_truck,M939,cwr3_b_m939_empty_des,T,T,F,T,5.44,classes_western.csv,train,
Support,Mil_car,Land Rover,cup_b_lr_special_m2_gb_w,T,T,F,T,3.44,classes_western.csv,train,
Support,Mil_car,Land Rover,cup_b_lr_special_m2_gb_d,T,T,F,T,3.44,classes_western.csv,train,
Support,Mil_car,jackal,cup_b_jackal2_l2a1_gb_w,T,T,F,T,4.37,classes_western.csv,train,
Support,Mil_car,jackal,cup_b_jackal2_l2a1_gb_d,T,T,F,T,4.37,classes_western.csv,train,
Support,Mil_car,Coyote,cup_b_baf_coyote_l2a1_d,T,T,F,T,4.03,classes_western.csv,train,
Support,Mil_car,Coyote,cup_b_baf_coyote_l2a1_w,T,T,F,T,4.03,classes_western.csv,train,
Support,ASV,BRDM-2,cup_b_brdm2_cz,T,T,T,T,4.2,classes_western.csv,train,
Support,ASV,BRDM-2,cup_b_brdm2_cz_des,T,T,T,T,4.2,classes_western.csv,train,
Armored,IFV,BMP-2,cup_b_bmp2_cz,T,T,T,T,5.33,classes_western.csv,train,
Armored,IFV,BMP-2,cup_b_bmp2_cz_des,T,T,T,T,5.33,classes_western.csv,train,
Helicopter,AH,Mi-24,cup_b_mi35_dynamic_cz_tiger,T,T,F,T,13.76,classes_western.csv,train,
Helicopter,AH,Mi-24,cup_b_mi35_dynamic_cz_ram,T,T,F,T,13.76,classes_western.csv,train,
Helicopter,AH,Mi-24,cup_b_mi35_dynamic_cz_des,T,T,F,T,13.76,classes_western.csv,train,
Helicopter,AH,Mi-24,cup_b_mi35_dynamic_cz_dark,T,T,F,T,13.76,classes_western.csv,train,
Helicopter,AH,Mi-24,cup_b_mi35_dynamic_cz,T,T,F,T,13.76,classes_western.csv,train,
Helicopter,UH,Mi-8,cup_b_mi171sh_acr,T,T,F,T,17.93,classes_western.csv,train,
Tank,Tank,T-72,cup_b_t72_cz,T,T,F,T,6.46,classes_western.csv,train,
Armored,IFV,ZSU-23,cup_b_zsu23_cdf,T,T,F,T,5.52,classes_western.csv,train,
Armored,IFV,BMP-2,cup_b_bmp2_cdf,T,T,T,T,5.33,classes_western.csv,train,
Support,ASV,BRDM-2,cup_b_brdm2_cdf,T,T,T,T,4.2,classes_western.csv,train,
Armored,IFV,BMP-2,cup_b_btr60_cdf,T,T,T,T,5.5,classes_western.csv,train,
Armored,IFV,BMP-2,cup_b_btr80_cdf,T,T,T,T,5.62,classes_western.csv,train,
Armored,APC,MT-LB,cup_b_mtlb_pk_cdf,T,T,T,T,5.12,classes_western.csv,train,
Armored,APC,MT-LB,cup_b_mtlb_pk_winter_cdf,T,T,T,T,5.12,classes_western.csv,train,
Helicopter,AH,Mi-24,cup_b_mi24_d_dynamic_cdf,T,T,F,T,13.76,classes_western.csv,train,
Helicopter,UH,Mi-8,cup_b_mi171sh_cdf,T,T,F,T,17.93,classes_western.csv,train,
Helicopter,UH,Mi-8,cup_b_mi17_cdf,T,T,F,T,17.93,classes_western.csv,train,
Plane,Fighter,Su-34,cup_b_su34_cdf,T,T,F,T,16.01,classes_western.csv,train,
Tank,Tank,T-72,cup_b_t72_cdf,T,T,F,T,6.46,classes_western.csv,train,
civilian,car,car,CUP_C_Datsun,T,T,F,T,3.573911223,no_annot,train,
civilian,car,car,CUP_C_Datsun_4seat,T,T,F,T,3.573911223,no_annot,train,
civilian,car,car,C_Van_01_fuel_F,T,T,F,T,5.003104955,no_annot,train,
civilian,car,car,CUP_C_Golf4_black_Civ,T,T,F,T,3.378825534,no_annot,train,
civilian,car,car,CUP_C_Golf4_blue_Civ,T,T,F,T,3.378825534,no_annot,train,
civilian,car,car,CUP_C_Golf4_green_Civ,T,T,F,T,3.378825534,no_annot,train,
civilian,car,car,CUP_C_Golf4_camodark_Civ,T,T,F,T,3.378825534,no_annot,train,
civilian,car,car,CUP_C_Golf4_crowe_Civ,T,T,F,T,3.378825534,no_annot,train,
civilian,car,car,CUP_C_Golf4_kitty_Civ,T,T,F,T,3.378825534,no_annot,train,
civilian,car,car,CUP_C_Golf4_white_Civ,T,T,F,T,3.378825534,no_annot,train,
civilian,car,car,CUP_C_Golf4_yellow_Civ,T,T,F,T,3.378825534,no_annot,train,
civilian,car,car,CUP_C_Golf4_random_Civ,T,T,F,T,3.378825534,no_annot,train,
civilian,car,car,CUP_C_Golf4_Sport_random_Civ,T,T,F,T,3.378825534,no_annot,train,
civilian,car,car,C_Hatchback_01_F,T,T,F,T,3.507609111,no_annot,train,
civilian,car,car,C_Hatchback_01_sport_F,T,T,F,T,3.507609111,no_annot,train,
civilian,car,car,C_Offroad_02_unarmed_F,T,T,F,T,3.755974822,no_annot,train,
civilian,car,car,C_Offroad_01_F,T,T,F,T,4.408445821,no_annot,train,
civilian,car,car,C_Offroad_01_comms_F,T,T,F,T,4.596541604,no_annot,train,
civilian,car,car,C_Offroad_01_covered_F,T,T,F,T,4.596541604,no_annot,train,
civilian,car,car,C_Offroad_01_repair_F,T,T,F,T,4.404873357,no_annot,train,
civilian,car,car,CUP_C_Pickup_unarmed_CIV,T,T,F,T,4.35948257,no_annot,train,
civilian,car,car,CUP_C_Octavia_CIV,T,T,F,T,4.028862015,no_annot,train,
civilian,car,car,C_SUV_01_F,T,T,F,T,4.022785077,no_annot,train,
civilian,car,car,C_Van_01_transport_F,T,T,F,T,5.143591019,no_annot,train,
civilian,car,car,C_Van_01_box_F,T,T,F,T,4.995252218,no_annot,train,
civilian,car,car,C_Van_02_medevac_F,T,T,F,T,6.467215668,no_annot,train,
civilian,car,car,C_Van_02_vehicle_F,T,T,F,T,6.467215668,no_annot,train,
civilian,car,car,C_Van_02_service_F,T,T,F,T,6.467215668,no_annot,train,
civilian,car,car,C_Van_02_transport_F,T,T,F,T,6.467215668,no_annot,train,
civilian,car,car,CUP_C_Skoda_CR_CIV,T,T,F,T,3.156536911,no_annot,train,
civilian,car,car,CUP_C_Skoda_Blue_CIV,T,T,F,T,3.156536911,no_annot,train,
civilian,car,car,CUP_C_Skoda_Green_CIV,T,T,F,T,3.156536911,no_annot,train,
civilian,car,car,CUP_C_Skoda_Red_CIV,T,T,F,T,3.156536911,no_annot,train,
civilian,car,car,CUP_C_Skoda_White_CIV,T,T,F,T,3.156536911,no_annot,train,
civilian,car,car,CUP_C_S1203_CIV_CR,T,T,F,T,3.651060402,no_annot,train,
civilian,car,car,CUP_B_S1203_Ambulance_CR,T,T,F,T,3.651060402,no_annot,train,
civilian,car,car,CUP_C_S1203_Militia_CIV,T,T,F,T,3.651060402,no_annot,train,
civilian,car,car,CUP_C_Datsun_Covered,T,T,F,T,3.573911223,no_annot,train,
civilian,car,car,CUP_C_Datsun_Plain,T,T,F,T,3.573911223,no_annot,train,
civilian,car,car,CUP_O_Hilux_unarmed_CR_CIV,T,T,F,T,3.847134011,no_annot,train,
civilian,car,car,CUP_O_Hilux_unarmed_CR_CIV_Red,T,T,F,T,3.847134011,no_annot,train,
civilian,car,car,CUP_O_Hilux_unarmed_CR_CIV_Tan,T,T,F,T,3.847134011,no_annot,train,
civilian,car,car,CUP_O_Hilux_unarmed_CR_CIV_White,T,T,F,T,3.847134011,no_annot,train,
civilian,car,car,CUP_C_Ikarus_Chernarus,T,T,F,T,7.503682359,no_annot,train,
civilian,car,car,CUP_C_Bus_City_CRCIV,T,T,F,T,4.712791191,no_annot,train,
civilian,car,car,CUP_C_SUV_CIV,T,T,F,T,5.066917596,no_annot,train,
civilian,car,car,CUP_C_Tractor_CIV,T,T,F,T,2.975329802,no_annot,train,
civilian,car,car,CUP_C_Tractor_Old_CIV,T,T,F,T,2.652991561,no_annot,train,
civilian,car,car,CUP_C_Lada_CIV,T,T,F,T,3.564018821,no_annot,train,
civilian,car,car,CUP_LADA_LM_CIV,T,T,F,T,3.564018821,no_annot,train,
civilian,car,car,cwr3_c_bus,T,T,F,T,7.651471263,no_annot,train,
civilian,car,car,cwr3_c_gaz24,T,T,F,T,3.483671625,no_annot,train,
civilian,car,car,gm_ge_civ_u1300l,T,T,F,T,4.77244134,no_annot,train,
civilian,car,car,gm_ge_civ_typ1200,T,T,F,T,3.752540184,no_annot,train,
civilian,car,car,gm_ge_ff_typ1200,T,T,F,T,3.752540184,no_annot,train,
civilian,car,car,gm_ge_dbp_typ1200,T,T,F,T,3.752540184,no_annot,train,
civilian,asset,asset,Land_A_tent,T,T,F,T,2.757988383,no_annot,train,
civilian,asset,asset,Land_tent_east,T,T,F,T,8.223749721,no_annot,train,
civilian,asset,asset,Land_Misc_Gcontainer_Big,T,T,F,T,3.548622403,no_annot,train,
civilian,asset,asset,Land_ConcreteBlock,T,T,F,T,5.19526342,no_annot,train,
civilian,asset,asset,Land_Misc_Cargo1B,T,T,F,T,3.545348664,no_annot,train,
civilian,asset,asset,Misc_Cargo1B_military,T,T,F,T,3.545348664,no_annot,train,
civilian,asset,asset,Land_misc_Cargo1E_EP1,T,T,F,T,3.545348664,no_annot,train,
civilian,asset,asset,Land_Misc_Cargo1G,T,T,F,T,3.545348664,no_annot,train,
civilian,asset,asset,Land_Misc_Cargo1C,T,T,F,T,3.545348664,no_annot,train,
civilian,asset,asset,Land_Misc_Cargo1Eo_EP1,T,T,F,T,5.89233265,no_annot,train,
civilian,asset,asset,Land_Misc_Cargo1F,T,T,F,T,3.545348664,no_annot,train,
civilian,asset,asset,Land_Misc_Cargo1Bo,T,T,F,T,5.89233265,no_annot,train,
civilian,asset,asset,Land_Misc_Cargo1B_EP1,T,T,F,T,3.545348664,no_annot,train,
civilian,asset,asset,Land_Misc_Cargo1E,T,T,F,T,3.545348664,no_annot,train,
civilian,asset,asset,Land_Misc_Cargo2C_EP1,T,T,F,T,3.547096284,no_annot,train,
civilian,asset,asset,Land_DeckTractor_01_F,T,T,F,T,4.228304811,no_annot,train,
civilian,asset,asset,Land_MRL_Magazine_01_F,T,T,F,T,1.672158893,no_annot,train,
civilian,asset,asset,Land_Scaffolding_New_F,T,T,F,T,9.853242257,no_annot,train,
civilian,asset,asset,land_gm_camonet_04_east,T,T,F,T,7.812819497,no_annot,train,
civilian,asset,asset,land_gm_camonet_04_east_winter,T,T,F,T,7.812819497,no_annot,train,
civilian,asset,asset,land_gm_camonet_04_nato,T,T,F,T,7.812819497,no_annot,train,
civilian,asset,asset,gm_gc_tent_5x5m,T,T,F,T,7.724047801,no_annot,train,
civilian,asset,asset,gm_ge_army_shelteraceII_reammo,T,T,F,T,2.971183889,no_annot,train,
civilian,asset,asset,gm_gc_army_shelterlakII_reammo,T,T,F,T,3.266223749,no_annot,train,
civilian,asset,asset,Land_JetEngineStarter_01_F,T,T,F,T,3.010855256,no_annot,train,
civilian,asset,asset,gm_ekl630hl,T,T,F,T,8.24950316,no_annot,train,
civilian,asset,asset,gm_rlmmps650,T,T,F,T,7.866025518,no_annot,train,
civilian,asset,asset,gm_zzw51,T,T,F,T,8.24950316,no_annot,train,
civilian,asset,asset,gm_crates_pile_02,T,T,F,T,3.012201649,no_annot,train,
civilian,asset,asset,gm_crates_pile_01,T,T,F,T,2.955107997,no_annot,train,
civilian,asset,asset,gm_crates_pile_03,T,T,F,T,1.701439366,no_annot,train,
civilian,asset,asset,gm_crates_pile_04,T,T,F,T,1.893462309,no_annot,train,
civilian,asset,asset,gm_crates_pile_05,T,T,F,T,2.337725584,no_annot,train,
civilian,asset,asset,B_Slingload_01_Fuel_F,T,T,F,T,3.999153816,no_annot,train,
civilian,asset,asset,B_Slingload_01_Repair_F,T,T,F,T,4.062749739,no_annot,train,
civilian,asset,asset,Land_RepairDepot_01_civ_F,T,T,F,T,5.051820288,no_annot,train,
civilian,asset,asset,Land_RepairDepot_01_green_F,T,T,F,T,5.051820288,no_annot,train,
civilian,asset,asset,Land_RepairDepot_01_tan_F,T,T,F,T,5.051820288,no_annot,train,
civilian,asset,asset,Land_Ind_TankSmall2,T,T,F,T,3.304047742,no_annot,train,
civilian,asset,asset,Land_Hlidac_budka,T,T,F,T,5.67023602,no_annot,train,
civilian,asset,asset,Land_Vez,T,T,F,T,2.895655393,no_annot,train,
civilian,asset,asset,Land_Hlaska,T,T,F,T,3.698442556,no_annot,train,
civilian,asset,asset,Land_Shed_W03_PMC,T,T,F,T,3.275001894,no_annot,train,
civilian,asset,asset,Land_Ind_Oil_Pump_EP1,T,T,F,T,8.480630079,no_annot,train,
civilian,asset,asset,Land_Ind_Oil_Tower_EP1,T,T,F,T,13.53555864,no_annot,train,
civilian,asset,asset,Land_Market_shelter_EP1,T,T,F,T,11.0967394,no_annot,train,
civilian,asset,asset,Land_Market_stalls_01_EP1,T,T,F,T,11.05753521,no_annot,train,
civilian,asset,asset,Land_Market_stalls_02_EP1,T,T,F,T,8.923595686,no_annot,train,
civilian,asset,asset,Land_A_Minaret_EP1,T,T,F,T,8.538598173,no_annot,train,
civilian,asset,asset,Land_Com_tower_ep1,T,T,F,T,4.353797241,no_annot,train,
civilian,asset,asset,Land_loco_742_blue,T,T,F,T,6.864494896,no_annot,train,
civilian,asset,asset,Land_loco_742_red,T,T,F,T,6.864494896,no_annot,train,
civilian,asset,asset,Land_wagon_box,T,T,F,T,6.257445211,no_annot,train,
civilian,asset,asset,Land_wagon_tanker,T,T,F,T,6.039014265,no_annot,train,
civilian,asset,asset,land_gm_euro_powerline_03_01_w,T,T,F,T,2.688669934,no_annot,train,
civilian,asset,asset,land_gm_radiotower_01,T,T,F,T,6.763434866,no_annot,train,
civilian,asset,asset,Land_MobileCrane_01_hook_F,T,T,F,T,18.76886634,no_annot,train,
civilian,asset,asset,Land_SCF_01_clarifier_F,T,T,F,T,11.41158108,no_annot,train,
civilian,asset,asset,Land_GuardTower_01_F,T,T,F,T,8.544342007,no_annot,train,
civilian,asset,asset,Land_GuardTower_02_F,T,T,F,T,4.209901842,no_annot,train,
civilian,asset,asset,Land_Caravan_01_green_F,T,T,F,T,5.953541864,no_annot,train,
civilian,asset,asset,Land_Caravan_01_rust_F,T,T,F,T,7.955138377,no_annot,train,
civilian,asset,asset,land_cwr3_tent3,T,T,F,T,8.223749721,no_annot,train,
civilian,asset,asset,cwr3_fueltank_civil,T,T,F,T,4.642128831,no_annot,train,
civilian,asset,asset,cwr3_fueltank_military,T,T,F,T,4.642128831,no_annot,train,
